{
  "evaluation_type": "image_to_image_retrieval",
  "model": "mohsin416/fashion-clip-vit-large",
  "dataset": "paramaggarwal/fashion-product-images-dataset",
  "num_queries": 500,
  "num_indexed_images": 44065,
  "embedding_dimension": 768,
  "k_values": [1, 5, 10, 20, 50, 100],
  "exclude_self_match": true,
  "relevance_definitions": {
    "strict": ["articleType"],
    "medium": ["subCategory"],
    "soft": ["gender", "masterCategory"]
  },
  "metrics": {
    "strict": {
      "precision@1": 0.874,
      "recall@1": 0.002763378892972854,
      "map@1": 0.874,
      "ndcg@1": 0.874,
      "mrr@1": 0.874,
      "precision@5": 0.8632000000000001,
      "recall@5": 0.010143609731069408,
      "map@5": 0.8332066666666667,
      "ndcg@5": 0.867996010455835,
      "mrr@5": 0.9144,
      "precision@10": 0.8402000000000001,
      "recall@10": 0.01735876757759483,
      "map@10": 0.7975352380952381,
      "ndcg@10": 0.8506805601403487,
      "mrr@10": 0.9157166666666667,
      "precision@20": 0.8181,
      "recall@20": 0.028347488718298536,
      "map@20": 0.765765475117786,
      "ndcg@20": 0.833052869384005,
      "mrr@20": 0.9162267563705644,
      "precision@50": 0.7814800000000001,
      "recall@50": 0.056451977757770534,
      "map@50": 0.720017914988089,
      "ndcg@50": 0.8027467235328809,
      "mrr@50": 0.9163373885544724,
      "precision@100": 0.75522,
      "recall@100": 0.09585186912899869,
      "map@100": 0.6892311489392102,
      "ndcg@100": 0.7809777290395595,
      "mrr@100": 0.9163614849400147
    },
    "medium": {
      "precision@1": 0.968,
      "recall@1": 0.0009479976465196843,
      "map@1": 0.968,
      "ndcg@1": 0.968,
      "mrr@1": 0.968,
      "precision@5": 0.964,
      "recall@5": 0.003537443646943243,
      "map@5": 0.95738,
      "ndcg@5": 0.9660024520963154,
      "mrr@5": 0.9783333333333333,
      "precision@10": 0.9556,
      "recall@10": 0.006432589884542118,
      "map@10": 0.9448415079365079,
      "ndcg@10": 0.959532777697253,
      "mrr@10": 0.9786666666666666,
      "precision@20": 0.9448,
      "recall@20": 0.011712639814613582,
      "map@20": 0.9302584022698147,
      "ndcg@20": 0.9508209431689493,
      "mrr@20": 0.9788205128205129,
      "precision@50": 0.92844,
      "recall@50": 0.026116796519493286,
      "map@50": 0.9080475377294356,
      "ndcg@50": 0.9362214975710581,
      "mrr@50": 0.9788894783377542,
      "precision@100": 0.91572,
      "recall@100": 0.04766945982045444,
      "map@100": 0.8917254231974451,
      "ndcg@100": 0.9248214550436903,
      "mrr@100": 0.9788894783377542
    },
    "soft": {
      "precision@1": 0.922,
      "recall@1": 0.0005187722347088218,
      "map@1": 0.922,
      "ndcg@1": 0.922,
      "mrr@1": 0.922,
      "precision@5": 0.9096000000000001,
      "recall@5": 0.002219622638306041,
      "map@5": 0.8900066666666666,
      "ndcg@5": 0.9128362150963535,
      "mrr@5": 0.9454000000000001,
      "precision@10": 0.8984000000000001,
      "recall@10": 0.0035583739731783813,
      "map@10": 0.8703734920634921,
      "ndcg@10": 0.9039191894601937,
      "mrr@10": 0.9468444444444445,
      "precision@20": 0.8812000000000001,
      "recall@20": 0.006156086544883346,
      "map@20": 0.8468977713385687,
      "ndcg@20": 0.890147333479848,
      "mrr@20": 0.9470830409356724,
      "precision@50": 0.86492,
      "recall@50": 0.012544600663409643,
      "map@50": 0.8208901122076345,
      "ndcg@50": 0.8743627541612049,
      "mrr@50": 0.9471385964912281,
      "precision@100": 0.8515400000000001,
      "recall@100": 0.0226250196941088,
      "map@100": 0.8024866481328302,
      "ndcg@100": 0.8619764228637457,
      "mrr@100": 0.9471585964912281
    }
  }
}